{"Training Loss": 1.0505400170882544, "Training Accuracy": 0.4375, "_timestamp": 1669852120.124092, "_runtime": 17.60859513282776, "_step": 5, "_wandb": {"runtime": 17}}