{"Training Loss": 0.022320641204714775, "Training Accuracy": 1.0, "_timestamp": 1669568776.531869, "_runtime": 6044.02619099617, "_step": 31245, "_wandb": {"runtime": 6044}}