{"Training Loss": 1.1178512573242188, "Training Accuracy": 0.3125, "_timestamp": 1669561912.2287452, "_runtime": 228.7364752292633, "_step": 351, "_wandb": {"runtime": 228}}