{"Training Loss": 1.0940638780593872, "Training Accuracy": 0.375, "_timestamp": 1669576778.6773283, "_runtime": 6989.805938243866, "_step": 31245, "_wandb": {"runtime": 6989}}