{"Training Loss": 1.093567132949829, "Training Error": 0.5, "_timestamp": 1669505703.2159977, "_runtime": 16.098111629486084, "_step": 3, "_wandb": {"runtime": 17}}