{"Training Loss": 1.0405120849609375, "Training Accuracy": 0.375, "_timestamp": 1669598061.5320897, "_runtime": 145.15252161026, "_step": 101, "Validation Loss": 1.0636498928070068, "Validation Accuracy": 0.3944}