{"Training Loss": 1.0033971071243286, "Training Accuracy": 0.375, "_timestamp": 1669528863.2170634, "_runtime": 22646.247478485107, "_step": 15620, "_wandb": {"runtime": 22646}}