{"Training Loss": 0.12073472980196774, "Training Accuracy": 0.875, "_timestamp": 1669876849.7257147, "_runtime": 9668.01437163353, "_step": 3186, "Validation Loss": 0.7921920418739319, "Validation Accuracy": 0.8459, "_wandb": {"runtime": 9667}}