{"Training Loss": 1.096602439880371, "Training Accuracy": 0.375, "_timestamp": 1669560188.0319724, "_runtime": 152.96008729934692, "_step": 235, "_wandb": {"runtime": 153}}