{"Training Loss": 0.7272435376117395, "Training Accuracy": 0.8125, "_timestamp": 1671202697.8486333, "_runtime": 99.02490425109863, "_step": 42, "_wandb": {"runtime": 100}}