{"Training Loss": 0.16722826659679413, "Training Accuracy": 0.9375, "_timestamp": 1669593269.9431977, "_runtime": 6048.807330608368, "_step": 31245, "_wandb": {"runtime": 6049}}