{"Training Loss": 1.0264472961425781, "Training Error": 0.8125, "_timestamp": 1669506157.111815, "_runtime": 40.58621001243591, "_step": 20, "_wandb": {"runtime": 41}}