{"Training Loss": 1.1121025085449219, "Training Accuracy": 0.1875, "_timestamp": 1669578223.824206, "_runtime": 8698.592433214188, "_step": 31245, "_wandb": {"runtime": 8698}}