{"Training Loss": 0.5080425880675514, "Training Accuracy": 0.875, "_timestamp": 1669781481.3100297, "_runtime": 882.4651637077332, "_step": 304, "Validation Loss": 0.40287038683891296, "Validation Accuracy": 0.8501}