{"Training Loss": 0.9500886797904968, "Training Error": 0.5, "_timestamp": 1669506063.1565554, "_runtime": 55.16375541687012, "_step": 30, "_wandb": {"runtime": 55}}