{"Training Loss": 0.7373157739639282, "Training Accuracy": 0.75, "_timestamp": 1669587112.483135, "_runtime": 3892.514246940613, "_step": 2749, "_wandb": {"runtime": 3892}}