{"Training Loss": 0.8482395555078983, "Training Accuracy": 0.75, "_timestamp": 1669780557.3025658, "_runtime": 47.74757170677185, "_step": 19, "_wandb": {"runtime": 49}}